Company Name,Contact Number,Email,URL
Abaete Linhas Aereas,+55 71 3377 2555,atendimento@abaete.com.br,https://www.airlines-inform.com/world_airlines/Abaete_Linhas_Aereas.html
Aerocardal,+56 2 237 77 40 0,contacto@aerocardal.cl,https://www.airlines-inform.com/world_airlines/Aero_Cardal.html
Aerocon - Aero Comercial Oriente Norte,+591 3 351 1010,manezg@aerocon.bo,https://www.airlines-inform.com/world_airlines/Aerocon.html
Aerolinea de Antioquia,+57 4 444 42 32,nfo@ada-aero.com,https://www.airlines-inform.com/world_airlines/Aerolineas_de_Antioquia.html
Aerolineas Argentinas,"+54 11 4130 77 77, +54 11 2821 25 31",sales@aerolineas.com.ar,https://www.airlines-inform.com/world_airlines/Aerolineas_Argentinas.html
Aeromas,+598 2 604 00 11,aeromas@aeromas.com,https://www.airlines-inform.com/world_airlines/Aeromas.html
Aeropostal – Alas de Venezuela,+58 212 708.62.11,reservaciones@aeropostal.com,https://www.airlines-inform.com/world_airlines/Aeropostal.html
Aerovias DAP,+56 61 261 61 00,agencia@dap.cl,https://www.airlines-inform.com/world_airlines/Aerovias.html
Air Guyane Express,+594 29 36 30,reservations@airguyane.com,https://www.airlines-inform.com/world_airlines/Air_Guyane_Express.html
Alas Uruguay,+598 2909 2361,alas@alas.uy,https://www.airlines-inform.com/world_airlines/Alas_Uruguay.html
Albatros Airlines,+58 243 231 83 00,info@albatrosair.com.ve,https://www.airlines-inform.com/world_airlines/Albatros.html
Amaszonas,"+5912 215 94 41, +5919 011 05 50 0",info@amaszonas.com,https://www.airlines-inform.com/world_airlines/Amaszonas.html
Amaszonas Paraguay,+595 21 247 2000,atencionalcliente@paranair.com,https://www.airlines-inform.com/world_airlines/Amaszonas-Paraguay.html
Amaszonas Uruguay,+598 2 710 2200,info@amaszonas.com,https://www.airlines-inform.com/world_airlines/Amaszonas-Uruguay.html
Andes Lineas Aereas,"+54 11 5237 28 03, +54 11 3986 04 11",clientes@andesonline.com,https://www.airlines-inform.com/world_airlines/Andes_Lineas_Aereas.html
Aruba Airlines,"+297 583 83 00,",webhelp@arubaairlines.aw,https://www.airlines-inform.com/world_airlines/Aruba_Airlines.html
Aserca Airlines,+58 212 095 7511,comprasint@asercaairlines.com,https://www.airlines-inform.com/world_airlines/Aserca_Airlines.html
Austral Lineas Aereas,+54 11 4130 3000,adrigani@aerolineas.com.ar,https://www.airlines-inform.com/world_airlines/Austral_Lineas_Aereas.html
Avianca,+57 1 401 3434,e_solutions@centrosolucionavianca.com,https://www.airlines-inform.com/world_airlines/Avianca.html
Avianca Ecuador,+593 800 536 022,presidencia@aerogal.com.ec,https://www.airlines-inform.com/world_airlines/Aerogal.html
Avior Airlines,+58 281 420 9100,reservaciones@avior.com.ve,https://www.airlines-inform.com/world_airlines/Avior_Airlines.html
Avior Regional,+58 281 420 9100,reservaciones@avior.com.ve,https://www.airlines-inform.com/world_airlines/Avior-Regional.html
Azul,+55 11 4003 3255,,https://www.airlines-inform.com/world_airlines/Azul.html
Blue Wing Airlines,+597 43 43 93,sales@bluewingairlines.com,https://www.airlines-inform.com/world_airlines/Blue_Wing_Airlines.html
BoA - Boliviana de Aviacion,+591  4 414 08 73,boa-institucional@boa.bo,https://www.airlines-inform.com/world_airlines/Boliviana_de_Aviacion.html
Conviasa,"+58 212 303 7394, +58 212 303 7485",ventas@conviasa.aero,https://www.airlines-inform.com/world_airlines/Conviasa.html
Copa Airlines Colombia,+57 1 320 9090,,https://www.airlines-inform.com/world_airlines/AeroRepublica.html
EasyFly,+57 1 414 81 11,mediosdigitales@easyfly.com.co,https://www.airlines-inform.com/world_airlines/EasyFly.html
Equair,1800-EQUAIR,,https://www.airlines-inform.com/world_airlines/Equair.html
Estelar Latinoamerica,+58 212 211 17 00,reservas@flyestelar.com,https://www.airlines-inform.com/world_airlines/Estelar_Latinoamerica.html
Falkland Island Government Air Service - FIGAS,+500 22 215,info@falklandislands.com,https://www.airlines-inform.com/world_airlines/FIGAS.html
Flybondi,,,https://www.airlines-inform.com/world_airlines/Flybondi.html
GOL Transportes Aereos,"+55 11 5504 4410, 55 11 2128 4850",comcorp@golnaweb.com.br,https://www.airlines-inform.com/world_airlines/GOL.html
Insel Air Aruba,+599 9 737 0444,,https://www.airlines-inform.com/world_airlines/Insel_Air_Aruba.html
ITA - Itapemirim Transportes Aereos,,,https://www.airlines-inform.com/world_airlines/Itapemirim-Transportes-Aereos.html
JetSMART,+56 2 27 31 8787,,https://www.airlines-inform.com/world_airlines/jetsmart.html
JetSmart Argentina,+54 11 2206 7799,,https://www.airlines-inform.com/world_airlines/JetSmart-Argentina.html
LADE – Lineas Aereas del Estado,+54 11 51 29 90 00,informes@lade.com.ar,https://www.airlines-inform.com/world_airlines/LADE.html
Laser,+58 212 202 01 00,laser@ven.net,https://www.airlines-inform.com/world_airlines/Laser.html
LATAM Airlines,+562 2 579 8990,comunicaciones.externas.eu@lan.com,https://www.airlines-inform.com/world_airlines/LAN_Airlines.html
LATAM Argentina,54 11 5032 0184,,https://www.airlines-inform.com/world_airlines/LAN_Argentina.html
LATAM Brasil,"+55 11 4002 5700, +55 11 5582 8811",institucional@tam.com.br,https://www.airlines-inform.com/world_airlines/TAM_Linhas_Aereas.html
LATAM Colombia,+571 745 2020,presidencia@aires.aero,https://www.airlines-inform.com/world_airlines/Aires_Colombia.html
LATAM Ecuador,+56 2 2579 8830,,https://www.airlines-inform.com/world_airlines/LAN_Ecuador.html
LATAM Express,+56 2 565 20 03,,https://www.airlines-inform.com/world_airlines/LAN_Express.html
LATAM Paraguay,+595 21 451 535,presidencia@tam.com.py,https://www.airlines-inform.com/world_airlines/TAM_Mercosur.html
LATAM Peru,+51 1 213 8200,feedback form,https://www.airlines-inform.com/world_airlines/LAN_Peru.html
LAW - Latin American Wings,+56 2 2763 0500,,https://www.airlines-inform.com/world_airlines/Latin_American_Wings.html
Linea Turistica Aereotuy,+58 212 212 31 10,reservaciones@tuy.com,https://www.airlines-inform.com/world_airlines/Linea_Turistica_Aereotuy.html
Passaredo Linhas Aereas,+55 16 4000 1777,sac@voepassaredo.com.br,https://www.airlines-inform.com/world_airlines/Passaredo.html
RICO Linhas Aereas,+55 92 3652 1164,comercial@voerico.com.br,https://www.airlines-inform.com/world_airlines/RICO_Linhas_Aereas.html
Rutaca Airlines,"+58 285 632 4465, +58 281 520 1400",rutaca01@cantv.net,https://www.airlines-inform.com/world_airlines/Rutaca_Airlines.html
Saereo,+593 2 226 36 06,gerencia@saereo.com,https://www.airlines-inform.com/world_airlines/Saereo.html
Sarpa - Servicios Aereos Panamericanos,+57 4 448 0899,info@sarpa.com.co,https://www.airlines-inform.com/world_airlines/Sarpa.html
Satena,+57 1 605 22 22,info@satena.com,https://www.airlines-inform.com/world_airlines/Satena.html
SBA Airlines,+58 786 437 18 00,jalvarez@santabarbaraairlines.com,https://www.airlines-inform.com/world_airlines/SBA-Airlines.html
Searca Colombia,+57 311 561 77 41,mde@searca.com.co,https://www.airlines-inform.com/world_airlines/Searca_Colombia.html
Sky Airline,+56 2 235 256 00,skyatencionacliente@skyairline.ci,https://www.airlines-inform.com/world_airlines/Sky_Airline.html
SOL del Paraguay,"+595 21 728 3500, +595 21 224 555",info@viajaconsol.com,https://www.airlines-inform.com/world_airlines/Sol_del_Paraguay.html
Sol Linhas Aereas,+55 45 9972 0602,presidencia@voesol.com.br,https://www.airlines-inform.com/world_airlines/Sol_Linhas_Aereas.html
Star Peru,+51 1 705 9000,servicioalcliente@starperu.com,https://www.airlines-inform.com/world_airlines/Star_Peru.html
Surinam Airways,+597 465 700,callcenter@flyslm.com,https://www.airlines-inform.com/world_airlines/Surinam_Airways.html
TAM - Transporte Aereo Militar,+591 2 268 1111,callcenter@tam.bo,https://www.airlines-inform.com/world_airlines/Transporte_Aereo_Militar.html
TAME Linea Aerea del Ecuador,+593 04 371 02 35,contactame@tame.com.ec,https://www.airlines-inform.com/world_airlines/TAME_Linea_Aerea_del_Ecuador__E.html
Total Linhas Aereas,+55 31 3343 8600,contacto@total.com.br,https://www.airlines-inform.com/world_airlines/Total_Linhas_Aereas.html
Trans Guyana Airways,+592 222 25 25,commercial1@transguyana.net,https://www.airlines-inform.com/world_airlines/Trans_Guyana_Airways.html
Ultra Air,,,https://www.airlines-inform.com/world_airlines/Ultra-Air.html
Venezolana,+58 212 208 8400,jetamo@ravsa.com.ve,https://www.airlines-inform.com/world_airlines/Venezolana.html
Viva Air,+57 1 900 555 8989,cuentanos@vivaair.com,https://www.airlines-inform.com/world_airlines/VivaColombia.html
Viva Air Peru,+51 1 705 01 07,cuentanos@vivaair.com,https://www.airlines-inform.com/world_airlines/viva-air-peru.html
